feature,shap_importance
crop_encoded,12426.076456734692
water_availability,187.06241383598268
rainfall_mm,139.33635279100292
soil_P_kg_ha,75.45132339743743
soil_fertility,73.97650622111796
temperature_C,73.88929326728851
soil_N_kg_ha,62.9874236522877
temp_rainfall,62.807926439483595
soil_K_kg_ha,62.27564074710005
soil_pH,49.45659613009277
humidity_pct,45.94339412464247
climate_stress,43.59338922472353
humidity_temp_ratio,41.599625430950525
district_encoded,38.727776856694554
soil_ph_quality,22.957247770508868
year,16.139692664629056
agro_zone_encoded,15.600651817295653
state_encoded,6.100664205863068
