Feature,Importance
crop_encoded,0.9689290883009128
water_availability,0.003205260433028007
soil_P_kg_ha,0.003094476955537013
soil_K_kg_ha,0.0027609278572854356
rainfall_mm,0.0026814258837091673
temp_rainfall,0.002321674795467359
soil_N_kg_ha,0.0022215909752235623
district_encoded,0.0021109275763191346
humidity_pct,0.002108444894573414
humidity_temp_ratio,0.002001855045865178
soil_fertility,0.0018084759239891464
soil_pH,0.0017888912039663494
temperature_C,0.0017161800923557974
soil_ph_quality,0.0011182283776014232
year,0.0006809682600758447
agro_zone_encoded,0.0006051315277531119
climate_stress,0.00045509130953199744
state_encoded,0.00039136058680521384
